q-max	action	timestep
1.969	RIGHT	84
1.958	FIRE	184
2.627	FIRE	305
2.099	NOOP	324
1.806	NOOP	373
1.989	NOOP	504
1.812	LEFT	593
2.612	LEFT	631
2.399	NOOP	674
1.978	NOOP	759
1.812	NOOP	817
2.491	LEFT	1051
2.027	NOOP	1091
2.386	LEFT	1201
2.463	LEFT	1308
3.133	FIRE	1376
2.986	LEFT	1574
2.532	FIRE	1622
2.871	FIRE	1853
2.958	FIRE	1860
3.327	LEFT	1875
2.737	LEFT	1972
2.477	LEFT	2035
2.195	LEFT	2077
0.690	RIGHT	2183
1.758	NOOP	2
1.737	NOOP	108
2.478	NOOP	296
1.678	RIGHT	366
1.793	NOOP	432
1.715	NOOP	545
2.354	NOOP	572
2.071	NOOP	1051
2.175	NOOP	1087
2.678	RIGHT	1142
2.193	NOOP	1496
2.363	FIRE	1633
2.697	RIGHT	1679
3.135	NOOP	1796
3.326	LEFT	1969
3.186	LEFT	2054
3.229	LEFT	2056
3.377	FIRE	2113
1.758	NOOP	3
2.563	FIRE	78
2.483	FIRE	171
2.234	RIGHT	194
2.153	NOOP	366
1.646	RIGHT	464
1.820	NOOP	485
2.545	FIRE	523
1.969	NOOP	640
1.778	NOOP	680
1.921	NOOP	809
1.998	NOOP	815
2.219	LEFT	824
2.159	NOOP	1019
2.648	LEFT	1052
2.266	NOOP	1091
2.025	NOOP	1387
2.559	FIRE	1623
2.555	LEFT	1702
1.955	NOOP	1736
2.244	LEFT	1752
2.269	NOOP	1836
3.312	FIRE	1983
3.146	LEFT	2065
7.084	NOOP	2200
7.032	NOOP	2205
3.539	NOOP	2260
3.539	NOOP	2367
3.539	NOOP	2593
3.539	NOOP	2703
3.539	NOOP	2718
3.539	NOOP	2861
3.539	NOOP	3076
3.539	NOOP	3092
4.434	FIRE	3313
2.042	RIGHT	119
2.642	FIRE	199
1.990	NOOP	214
2.486	LEFT	310
1.925	NOOP	347
2.521	LEFT	369
1.855	NOOP	456
2.469	NOOP	566
1.878	NOOP	588
2.687	NOOP	815
2.703	LEFT	962
3.088	FIRE	1260
2.050	LEFT	118
2.463	RIGHT	138
1.884	NOOP	160
2.615	LEFT	291
1.777	NOOP	452
1.936	RIGHT	916
2.062	NOOP	1030
2.023	RIGHT	1237
2.272	NOOP	1247
2.737	LEFT	1295
1.992	NOOP	1625
2.544	RIGHT	1646
2.722	FIRE	1742
1.964	NOOP	1760
2.185	NOOP	1805
2.137	NOOP	1854
5.760	NOOP	2120
5.760	NOOP	2126
5.760	NOOP	2135
5.760	NOOP	2150
5.760	NOOP	2197
5.760	NOOP	2202
1.768	NOOP	45
1.800	RIGHT	254
1.565	NOOP	330
1.503	NOOP	335
2.461	LEFT	658
1.957	LEFT	765
1.732	NOOP	991
1.685	NOOP	992
2.988	FIRE	1186
2.825	RIGHT	1222
2.726	FIRE	1324
3.156	FIRE	1515
3.386	FIRE	1656
2.563	FIRE	1728
2.415	NOOP	165
1.978	RIGHT	402
2.961	FIRE	658
2.481	RIGHT	1009
2.484	LEFT	1027
3.174	FIRE	1302
2.419	FIRE	1429
2.995	FIRE	1492
2.812	FIRE	1576
2.105	RIGHT	1584
2.321	FIRE	1624
2.012	NOOP	89
2.130	RIGHT	142
2.439	FIRE	560
2.141	NOOP	716
1.929	NOOP	742
1.827	NOOP	758
2.726	FIRE	799
2.510	LEFT	836
1.806	RIGHT	1174
1.906	LEFT	1178
1.966	NOOP	1312
2.495	LEFT	1477
1.989	NOOP	1495
2.454	LEFT	1631
2.354	RIGHT	1739
2.759	FIRE	1749
3.124	FIRE	1869
2.216	LEFT	1963
2.377	RIGHT	2031
2.632	FIRE	93
2.366	LEFT	265
1.629	NOOP	401
1.688	NOOP	463
1.724	NOOP	527
1.919	RIGHT	543
2.625	LEFT	694
2.677	NOOP	764
2.102	NOOP	874
2.236	FIRE	933
2.414	NOOP	1028
3.065	LEFT	1148
3.569	FIRE	1161
3.354	RIGHT	1178
2.470	NOOP	1599
4.159	FIRE	1828
4.251	FIRE	1833
3.480	RIGHT	1905
1.717	NOOP	2
2.547	FIRE	52
2.156	LEFT	131
2.849	RIGHT	202
1.814	NOOP	289
2.536	NOOP	370
1.739	NOOP	474
2.131	NOOP	518
2.586	FIRE	617
1.646	NOOP	682
1.788	NOOP	692
1.860	LEFT	835
2.257	NOOP	847
2.719	FIRE	895
2.391	NOOP	1111
2.484	NOOP	1119
2.328	NOOP	1155
2.741	LEFT	1190
2.098	NOOP	1216
2.442	LEFT	1268
2.926	RIGHT	1308
3.308	NOOP	1364
3.206	FIRE	1517
3.446	FIRE	1555
3.218	NOOP	1588
2.522	LEFT	1714
2.543	NOOP	1788
2.917	FIRE	1820
3.045	FIRE	1927
2.567	FIRE	1946
2.606	FIRE	2164
3.201	FIRE	2241
7.075	NOOP	2407
4.297	NOOP	2442
4.297	NOOP	2484
4.297	NOOP	2525
4.297	NOOP	2552
4.297	NOOP	2580
4.297	NOOP	2782
4.297	NOOP	2839
4.297	NOOP	2911
4.297	NOOP	3003
4.333	NOOP	3077
2.178	NOOP	68
2.477	NOOP	84
1.744	LEFT	241
1.749	NOOP	370
1.640	NOOP	419
1.795	NOOP	435
2.126	LEFT	531
2.447	LEFT	600
2.078	NOOP	744
1.821	RIGHT	779
2.551	LEFT	898
2.240	LEFT	929
2.613	FIRE	952
1.989	NOOP	1209
1.946	RIGHT	1275
1.996	NOOP	1277
2.445	NOOP	1349
2.767	LEFT	1457
2.832	LEFT	1559
2.485	LEFT	1675
2.702	FIRE	1773
2.044	FIRE	1935
2.025	NOOP	17
1.760	RIGHT	63
1.705	NOOP	100
2.621	FIRE	523
1.755	NOOP	537
1.845	LEFT	544
3.331	RIGHT	786
2.300	FIRE	860
2.989	FIRE	967
3.285	FIRE	1103
2.708	NOOP	1150
2.200	RIGHT	1308
2.369	RIGHT	1361
2.369	RIGHT	1450
2.369	RIGHT	1705
5.336	NOOP	1824
5.782	NOOP	1828
7.237	NOOP	1873
12.772	NOOP	1945
11.780	NOOP	2022
12.137	NOOP	2025
12.772	NOOP	2092
12.772	NOOP	2099
12.772	NOOP	2109
12.404	NOOP	2319
12.404	NOOP	2370
12.404	NOOP	2417
12.404	NOOP	2585
12.404	NOOP	2646
1.907	RIGHT	111
1.845	RIGHT	365
1.928	LEFT	369
1.724	NOOP	421
1.763	LEFT	548
1.993	NOOP	564
1.720	LEFT	586
2.064	RIGHT	600
2.159	NOOP	948
2.656	FIRE	1065
2.075	NOOP	1122
2.138	NOOP	1125
2.194	LEFT	1520
1.967	NOOP	1573
2.558	NOOP	1698
2.791	FIRE	1726
2.281	NOOP	26
2.306	NOOP	141
1.946	NOOP	180
2.126	NOOP	311
2.365	LEFT	464
2.382	LEFT	568
1.731	LEFT	611
2.511	LEFT	738
2.672	LEFT	816
2.386	NOOP	894
1.961	NOOP	953
2.163	NOOP	1217
2.797	LEFT	1367
2.937	FIRE	1506
2.936	FIRE	1610
2.242	FIRE	1691
2.705	FIRE	1704
2.531	FIRE	1766
2.801	FIRE	1850
2.422	RIGHT	1974
2.862	FIRE	2072
2.216	NOOP	2101
3.069	RIGHT	2200
2.964	FIRE	2221
3.007	FIRE	2272
2.696	RIGHT	2394
2.362	FIRE	2501
2.907	FIRE	2572
3.626	FIRE	2671
2.213	LEFT	306
1.838	NOOP	468
1.860	NOOP	540
2.091	NOOP	705
2.689	LEFT	1225
2.725	LEFT	1226
1.969	RIGHT	1240
2.706	LEFT	1283
2.717	FIRE	1415
2.696	RIGHT	1595
2.150	NOOP	1627
2.612	NOOP	1725
2.193	NOOP	1797
3.034	FIRE	2088
2.781	NOOP	2147
3.263	LEFT	2271
2.745	NOOP	2374
9.638	LEFT	2439
8.275	RIGHT	2445
6.434	RIGHT	2467
6.278	RIGHT	2572
6.421	LEFT	2591
6.440	RIGHT	2662
2.444	FIRE	35
2.187	LEFT	126
2.013	NOOP	211
2.866	FIRE	273
2.036	NOOP	286
1.927	NOOP	402
2.485	LEFT	537
1.988	NOOP	559
1.998	LEFT	633
2.324	NOOP	1219
2.867	FIRE	1260
3.245	RIGHT	1354
2.785	NOOP	1365
3.353	FIRE	1373
2.706	FIRE	1382
3.053	NOOP	1459
3.347	FIRE	1473
3.375	FIRE	1538
3.478	FIRE	1641
2.635	LEFT	159
2.774	FIRE	208
1.740	NOOP	565
2.239	LEFT	586
1.879	LEFT	666
2.293	LEFT	676
2.659	RIGHT	692
1.988	NOOP	702
2.197	LEFT	708
2.133	NOOP	824
1.802	NOOP	939
1.802	NOOP	1014
2.206	NOOP	1124
2.545	LEFT	1143
1.636	NOOP	1154
2.622	FIRE	1282
2.661	LEFT	1361
3.043	FIRE	1446
3.154	FIRE	1563
3.191	NOOP	1595
2.916	FIRE	1788
2.523	FIRE	77
2.272	NOOP	181
2.338	NOOP	214
2.487	RIGHT	219
2.509	LEFT	250
2.276	LEFT	287
2.320	LEFT	291
1.934	RIGHT	542
2.382	LEFT	625
1.882	NOOP	842
1.939	NOOP	967
1.980	NOOP	973
2.727	FIRE	1019
1.936	NOOP	1040
1.895	NOOP	1276
2.799	LEFT	1338
2.869	FIRE	1685
3.060	FIRE	1945
3.329	FIRE	2005
2.658	FIRE	2035
3.087	FIRE	2146
3.146	FIRE	2163
2.372	LEFT	74
1.863	NOOP	282
1.618	NOOP	327
1.644	NOOP	395
1.709	NOOP	400
1.744	NOOP	468
2.640	LEFT	714
1.774	NOOP	718
2.109	NOOP	892
1.850	NOOP	935
2.103	NOOP	988
2.654	LEFT	1005
2.173	NOOP	1097
2.195	NOOP	1347
2.868	RIGHT	1533
2.438	RIGHT	1552
3.291	FIRE	1565
2.833	RIGHT	1602
10.827	LEFT	1607
4.911	RIGHT	1728
4.952	RIGHT	1795
5.077	NOOP	2013
4.762	NOOP	2034
4.754	RIGHT	2070
2.517	LEFT	45
2.861	FIRE	259
2.385	NOOP	275
1.835	NOOP	353
2.121	LEFT	444
2.247	LEFT	451
2.348	NOOP	640
2.511	LEFT	767
2.549	NOOP	820
2.835	FIRE	913
2.632	FIRE	936
1.803	NOOP	1028
2.327	NOOP	1072
1.909	RIGHT	1292
2.083	NOOP	1394
2.164	LEFT	1395
2.951	FIRE	1698
1.834	NOOP	1702
2.051	NOOP	1710
1.716	NOOP	1826
2.369	NOOP	1929
2.807	FIRE	1951
1.898	NOOP	1969
2.528	FIRE	1999
2.000	RIGHT	2016
2.550	NOOP	2034
3.033	FIRE	2268
3.040	RIGHT	2287
2.751	LEFT	2410
0.730	LEFT	2472
0.747	LEFT	2658
1.264	RIGHT	3039
1.264	RIGHT	3389
1.264	RIGHT	3659
1.264	RIGHT	3672
1.264	RIGHT	3793
1.264	RIGHT	3867
1.264	RIGHT	3924
1.264	RIGHT	3945
1.264	RIGHT	4077
2.452	FIRE	4123
2.001	RIGHT	20
2.670	FIRE	44
1.670	NOOP	103
2.186	NOOP	273
1.831	NOOP	349
1.722	NOOP	537
1.755	NOOP	582
2.600	LEFT	636
1.785	LEFT	708
2.299	NOOP	760
2.288	LEFT	972
2.155	FIRE	1060
2.316	NOOP	1102
2.304	NOOP	1352
2.452	LEFT	1432
2.600	FIRE	1570
3.062	FIRE	1652
2.731	FIRE	1681
3.068	FIRE	1717
1.154	FIRE	1756
2.755	LEFT	2023
2.060	RIGHT	172
1.785	NOOP	181
2.610	FIRE	219
2.419	LEFT	323
2.079	NOOP	493
2.021	RIGHT	503
2.465	LEFT	521
1.772	RIGHT	545
2.174	LEFT	575
2.552	LEFT	658
2.230	LEFT	706
2.058	NOOP	781
1.904	RIGHT	836
2.371	LEFT	1089
2.488	LEFT	1096
1.832	NOOP	1119
1.917	LEFT	1377
2.605	NOOP	1414
2.060	NOOP	1444
2.001	FIRE	1539
2.319	LEFT	1611
2.434	NOOP	1753
2.571	NOOP	1939
3.403	NOOP	2108
1.919	RIGHT	119
1.908	NOOP	158
2.507	FIRE	176
1.798	NOOP	191
2.427	LEFT	210
2.370	NOOP	274
2.087	RIGHT	743
2.112	LEFT	779
2.893	FIRE	889
2.454	NOOP	902
3.333	NOOP	934
3.498	FIRE	1013
3.320	FIRE	1464
1.871	RIGHT	1548
2.490	FIRE	1571
2.751	FIRE	1653
2.855	FIRE	1709
2.913	FIRE	1712
1.585	NOOP	346
2.099	LEFT	380
2.580	LEFT	471
2.247	NOOP	566
2.190	NOOP	697
2.051	NOOP	842
2.502	LEFT	856
2.710	FIRE	864
2.644	LEFT	933
2.363	FIRE	1090
2.374	FIRE	1092
2.166	LEFT	1112
2.659	RIGHT	1174
2.119	LEFT	1209
2.293	LEFT	1221
2.626	LEFT	1283
2.720	FIRE	1287
2.614	RIGHT	151
2.339	LEFT	314
1.919	NOOP	566
2.015	LEFT	572
2.681	FIRE	625
1.977	NOOP	899
2.158	LEFT	913
1.797	RIGHT	946
2.839	FIRE	1077
3.160	FIRE	1245
2.621	FIRE	1262
2.728	FIRE	1270
3.925	FIRE	1376
2.227	NOOP	8
1.987	NOOP	398
2.420	LEFT	527
2.174	LEFT	576
1.855	NOOP	717
2.587	FIRE	880
2.486	LEFT	993
1.662	RIGHT	1007
2.162	NOOP	1032
2.237	RIGHT	1098
1.992	NOOP	1280
2.083	NOOP	1363
2.498	FIRE	1390
2.456	FIRE	1484
2.595	FIRE	167
2.520	LEFT	358
1.732	LEFT	379
1.750	NOOP	446
1.780	NOOP	448
1.920	RIGHT	455
2.071	LEFT	459
2.369	NOOP	478
1.691	NOOP	558
2.239	NOOP	753
1.898	NOOP	802
2.749	FIRE	832
2.044	NOOP	929
2.629	LEFT	945
1.873	NOOP	1080
2.628	LEFT	1257
2.072	NOOP	1280
2.823	FIRE	1309
2.642	LEFT	1336
3.249	NOOP	1465
3.138	FIRE	1548
3.190	FIRE	1591
2.450	LEFT	1598
3.153	FIRE	1650
2.428	LEFT	1676
3.249	FIRE	1707
2.130	FIRE	1877
2.064	FIRE	1916
2.577	FIRE	32
1.883	NOOP	82
1.742	NOOP	333
2.236	NOOP	387
2.043	RIGHT	428
1.938	NOOP	526
2.061	NOOP	599
2.254	NOOP	669
2.698	NOOP	717
2.094	NOOP	884
2.078	NOOP	1055
2.127	RIGHT	1133
2.169	NOOP	1376
2.278	RIGHT	1635
2.451	FIRE	1660
2.497	FIRE	1661
2.646	LEFT	1683
1.849	RIGHT	1685
2.073	RIGHT	1858
2.331	RIGHT	1862
3.490	RIGHT	1874
1.562	RIGHT	349
2.112	NOOP	521
2.080	NOOP	632
2.120	NOOP	832
1.790	FIRE	838
2.055	NOOP	1132
2.281	NOOP	1249
2.572	NOOP	1261
2.521	NOOP	1401
2.301	NOOP	1544
3.341	FIRE	1645
2.475	LEFT	48
2.577	NOOP	254
1.651	NOOP	376
1.736	NOOP	384
1.811	NOOP	623
2.341	NOOP	672
2.449	RIGHT	858
3.097	FIRE	1104
3.191	FIRE	1249
2.489	FIRE	1257
3.430	FIRE	1301
2.184	LEFT	213
2.604	NOOP	264
2.393	LEFT	400
2.227	LEFT	453
2.657	FIRE	472
2.243	NOOP	512
1.916	NOOP	648
2.671	FIRE	811
1.913	NOOP	880
2.508	NOOP	1082
2.672	NOOP	1089
1.797	NOOP	1097
1.809	RIGHT	1159
2.572	NOOP	1258
2.795	FIRE	1270
2.519	NOOP	1292
2.599	LEFT	1296
2.871	NOOP	1363
3.130	FIRE	1408
2.975	FIRE	1476
2.896	FIRE	1551
2.008	RIGHT	1727
2.153	RIGHT	1764
2.912	FIRE	1824
2.934	LEFT	2070
2.648	FIRE	2168
1.763	NOOP	6
1.886	NOOP	173
2.048	LEFT	178
2.505	NOOP	225
2.103	LEFT	323
1.610	NOOP	356
2.027	LEFT	385
1.868	LEFT	553
1.920	RIGHT	558
2.105	RIGHT	686
2.404	LEFT	758
3.226	LEFT	837
2.494	LEFT	922
2.946	FIRE	1026
2.507	NOOP	1091
2.981	LEFT	1172
2.477	NOOP	1185
2.236	NOOP	1346
3.112	FIRE	1498
3.531	FIRE	1675
2.981	FIRE	1763
3.261	NOOP	1977
2.570	FIRE	121
1.818	NOOP	134
2.131	NOOP	176
1.726	NOOP	262
1.933	NOOP	271
2.028	NOOP	281
2.045	LEFT	349
2.148	NOOP	681
2.530	LEFT	1025
1.779	NOOP	1044
2.371	LEFT	1077
1.930	LEFT	1120
2.428	FIRE	1232
1.922	NOOP	1251
2.328	LEFT	1297
2.487	NOOP	1336
1.825	LEFT	7
2.520	LEFT	36
2.078	RIGHT	98
1.819	NOOP	144
1.918	NOOP	149
1.932	RIGHT	245
2.394	LEFT	310
2.311	RIGHT	497
1.907	RIGHT	905
2.121	RIGHT	926
2.478	RIGHT	945
1.894	RIGHT	966
2.009	LEFT	1017
2.627	LEFT	1040
2.867	FIRE	1095
3.161	FIRE	1099
2.630	FIRE	1365
1.904	FIRE	1646
2.879	FIRE	1749
3.022	FIRE	1916
2.477	NOOP	218
1.861	NOOP	252
2.566	LEFT	356
2.517	FIRE	475
1.772	NOOP	482
2.067	NOOP	557
2.151	NOOP	778
2.151	NOOP	870
2.093	RIGHT	1088
2.577	FIRE	1109
2.092	FIRE	1184
2.177	FIRE	1355
2.168	FIRE	1402
2.159	RIGHT	1464
2.753	FIRE	1490
2.211	LEFT	1504
2.771	LEFT	1603
2.689	LEFT	1736
1.838	NOOP	245
2.088	NOOP	330
1.687	LEFT	567
1.977	LEFT	717
2.486	LEFT	1052
1.974	NOOP	1141
2.397	NOOP	1222
2.143	NOOP	1282
3.002	NOOP	1401
2.398	NOOP	1654
2.422	NOOP	1721
3.268	FIRE	1845
2.919	FIRE	1862
3.360	FIRE	1890
3.448	FIRE	1977
12.001	NOOP	2022
10.495	NOOP	2023
1.789	NOOP	8
1.880	NOOP	15
1.983	NOOP	21
2.413	LEFT	36
2.612	FIRE	42
2.631	FIRE	43
2.395	LEFT	77
2.589	FIRE	84
2.161	NOOP	243
1.925	NOOP	403
1.916	NOOP	404
2.089	LEFT	765
1.760	NOOP	807
1.717	FIRE	960
2.435	NOOP	996
2.769	FIRE	1125
2.697	FIRE	1397
2.960	FIRE	1489
2.006	RIGHT	253
2.324	NOOP	260
2.309	NOOP	293
2.487	LEFT	300
2.086	RIGHT	602
2.280	NOOP	635
2.484	LEFT	673
2.621	FIRE	715
2.055	LEFT	761
2.050	NOOP	859
1.968	NOOP	1084
2.631	LEFT	1209
2.801	LEFT	1217
1.896	NOOP	1280
2.449	NOOP	1340
2.801	FIRE	1348
2.357	NOOP	1373
3.097	FIRE	1526
3.011	FIRE	1547
2.534	FIRE	1563
2.962	FIRE	1569
2.958	FIRE	1571
3.290	RIGHT	1756
3.008	NOOP	1931
1.688	NOOP	124
1.902	NOOP	261
1.885	RIGHT	262
2.358	FIRE	306
2.541	LEFT	363
1.948	RIGHT	392
1.667	NOOP	437
1.705	NOOP	442
1.724	NOOP	444
2.066	NOOP	507
2.398	LEFT	533
2.524	LEFT	540
2.677	FIRE	595
2.594	FIRE	688
1.936	RIGHT	731
2.358	NOOP	853
1.914	RIGHT	904
2.324	LEFT	918
2.646	FIRE	961
2.589	LEFT	1025
2.717	RIGHT	1303
3.516	FIRE	1361
2.465	RIGHT	1643
2.532	RIGHT	1655
2.447	LEFT	1677
2.048	NOOP	29
2.379	LEFT	53
1.904	NOOP	208
2.558	LEFT	264
2.079	NOOP	616
1.744	RIGHT	959
2.104	NOOP	1105
2.482	NOOP	1116
2.481	NOOP	1206
2.796	RIGHT	1652
3.540	FIRE	1731
2.921	FIRE	1888
2.010	NOOP	17
1.939	NOOP	58
2.402	LEFT	74
1.713	NOOP	89
1.965	NOOP	160
1.831	NOOP	255
1.829	NOOP	285
2.527	FIRE	451
2.524	FIRE	598
2.885	FIRE	746
2.883	FIRE	1099
2.173	RIGHT	1240
3.047	FIRE	1267
2.271	FIRE	1283
2.244	LEFT	1288
2.356	RIGHT	1295
3.232	FIRE	1508
3.201	FIRE	1551
2.120	RIGHT	1568
1.674	LEFT	1703
1.382	FIRE	1711
1.774	NOOP	164
2.137	LEFT	178
2.623	LEFT	228
1.911	NOOP	305
2.188	LEFT	324
2.369	LEFT	332
2.276	NOOP	390
1.623	NOOP	478
1.800	LEFT	544
2.643	FIRE	635
1.728	LEFT	643
2.850	FIRE	770
2.766	FIRE	1196
2.890	FIRE	1269
2.461	FIRE	1303
2.021	NOOP	1340
2.757	NOOP	1428
3.297	FIRE	1646
3.012	FIRE	1846
2.523	RIGHT	2005
3.089	FIRE	2032
1.626	RIGHT	283
2.522	NOOP	324
1.838	NOOP	354
2.631	RIGHT	462
2.192	FIRE	512
2.536	LEFT	569
2.061	NOOP	590
2.605	FIRE	605
2.551	NOOP	724
2.451	NOOP	817
2.704	LEFT	933
2.974	FIRE	940
2.781	FIRE	965
2.223	NOOP	978
2.756	FIRE	1000
2.047	NOOP	1034
2.292	FIRE	1326
2.590	LEFT	1375
2.254	LEFT	1553
2.261	LEFT	1554
2.802	LEFT	1685
2.853	RIGHT	1750
2.389	NOOP	1809
2.339	LEFT	1876
1.899	RIGHT	2249
2.389	LEFT	40
2.487	FIRE	142
2.173	LEFT	375
1.827	NOOP	845
2.750	LEFT	1081
2.276	NOOP	1153
2.233	RIGHT	1287
2.686	FIRE	1320
2.059	FIRE	1357
2.038	LEFT	1382
3.013	FIRE	1497
3.021	RIGHT	1501
2.458	RIGHT	1850
2.929	RIGHT	1867
2.522	FIRE	1917
2.386	FIRE	1981
3.179	NOOP	2167
2.399	LEFT	81
1.805	NOOP	399
1.894	LEFT	473
2.007	NOOP	475
2.286	NOOP	491
2.361	NOOP	623
2.331	NOOP	700
2.622	LEFT	907
2.606	LEFT	981
2.502	LEFT	1045
1.754	NOOP	1107
1.967	NOOP	1186
2.206	LEFT	1203
1.825	NOOP	1354
2.591	FIRE	1470
2.707	RIGHT	1530
2.797	LEFT	1532
2.419	NOOP	1563
2.619	FIRE	1638
2.067	RIGHT	1659
2.637	FIRE	1708
1.898	RIGHT	1761
2.994	FIRE	1947
2.722	FIRE	2008
3.287	LEFT	2110
3.601	NOOP	2228
2.763	LEFT	2289
2.450	LEFT	259
1.727	NOOP	329
2.247	LEFT	413
2.744	FIRE	650
2.811	FIRE	712
2.746	FIRE	753
2.847	FIRE	764
2.257	RIGHT	1010
2.613	FIRE	1173
2.274	FIRE	1271
1.928	RIGHT	1324
2.217	NOOP	1336
2.331	NOOP	1391
1.943	LEFT	1426
2.714	LEFT	1608
2.008	NOOP	1634
2.619	LEFT	1729
2.645	FIRE	1731
1.989	NOOP	1764
2.838	RIGHT	1840
3.163	FIRE	2109
3.064	FIRE	2289
2.488	FIRE	76
2.444	LEFT	190
1.987	RIGHT	235
1.836	RIGHT	264
2.003	NOOP	271
2.150	LEFT	284
1.850	LEFT	484
2.463	LEFT	700
2.569	LEFT	741
2.697	FIRE	776
2.174	NOOP	1096
2.822	LEFT	1120
2.868	LEFT	1201
2.804	NOOP	1266
3.224	LEFT	1277
3.043	FIRE	1338
2.980	FIRE	1478
3.104	FIRE	1554
3.246	LEFT	1609
2.720	NOOP	1703
2.451	NOOP	1761
3.177	LEFT	1820
1.521	NOOP	1883
1.974	LEFT	21
2.286	LEFT	390
2.264	NOOP	394
2.523	FIRE	412
1.897	NOOP	435
1.673	RIGHT	721
2.084	RIGHT	791
1.875	NOOP	904
2.631	FIRE	1023
2.893	FIRE	1097
2.582	NOOP	1326
2.101	NOOP	1425
2.774	RIGHT	1514
2.602	LEFT	1540
2.701	NOOP	1544
2.134	NOOP	1730
2.859	RIGHT	1862
3.261	FIRE	1935
3.496	RIGHT	2154
10.577	FIRE	2214
4.969	RIGHT	2312
2.167	FIRE	2491
2.349	NOOP	121
2.555	NOOP	133
1.893	NOOP	154
2.399	NOOP	204
1.774	NOOP	279
1.733	NOOP	404
1.869	NOOP	606
2.005	NOOP	614
1.900	RIGHT	674
1.985	NOOP	747
2.661	LEFT	799
2.203	NOOP	892
2.537	NOOP	1032
2.100	NOOP	1106
2.348	RIGHT	1147
2.279	FIRE	1209
2.580	FIRE	1347
1.930	NOOP	1364
2.370	LEFT	1482
2.441	LEFT	1491
1.976	NOOP	1583
2.001	NOOP	1585
1.856	NOOP	1658
2.411	LEFT	1688
2.746	NOOP	2043
2.823	RIGHT	2044
2.364	LEFT	2051
3.329	LEFT	2428
2.566	LEFT	2664
1.938	NOOP	58
2.008	RIGHT	118
2.483	LEFT	172
1.870	RIGHT	220
2.156	NOOP	233
1.826	NOOP	407
1.736	NOOP	521
1.998	NOOP	564
2.128	NOOP	819
2.247	LEFT	854
1.935	NOOP	941
2.614	FIRE	1145
2.725	FIRE	1190
2.471	FIRE	1414
2.157	LEFT	1525
2.260	NOOP	1685
2.293	FIRE	1932
2.232	LEFT	64
1.712	NOOP	83
2.731	FIRE	126
1.832	NOOP	137
1.583	FIRE	315
1.940	NOOP	335
2.232	RIGHT	355
1.748	NOOP	382
1.882	RIGHT	501
1.878	RIGHT	502
2.229	NOOP	545
2.113	LEFT	715
2.358	FIRE	865
1.595	LEFT	874
1.731	NOOP	1131
2.034	NOOP	1174
2.745	LEFT	1223
2.773	FIRE	1274
2.283	LEFT	1300
2.721	FIRE	1549
2.826	RIGHT	1612
2.815	FIRE	1650
2.932	FIRE	1702
2.821	FIRE	259
2.565	RIGHT	429
2.000	RIGHT	794
1.875	RIGHT	840
2.226	LEFT	934
2.602	LEFT	974
2.743	RIGHT	1092
2.161	LEFT	1129
2.124	NOOP	1179
2.012	NOOP	1239
2.028	NOOP	1240
2.084	RIGHT	1249
2.454	NOOP	1257
2.055	FIRE	1493
2.712	NOOP	1607
2.891	RIGHT	1667
2.799	LEFT	1837
3.171	LEFT	1863
2.824	NOOP	1875
1.750	NOOP	4
2.023	NOOP	21
1.684	RIGHT	158
2.213	LEFT	188
2.183	LEFT	190
1.947	NOOP	214
1.608	NOOP	362
2.363	NOOP	588
1.987	NOOP	616
1.603	NOOP	672
2.285	FIRE	948
2.512	NOOP	953
2.718	NOOP	1419
3.068	FIRE	1428
1.875	NOOP	12
1.847	NOOP	73
2.526	LEFT	115
2.649	LEFT	199
1.683	NOOP	259
2.092	NOOP	448
2.427	LEFT	573
2.502	FIRE	575
1.782	NOOP	594
2.574	LEFT	639
2.296	LEFT	781
1.998	NOOP	834
1.871	NOOP	885
1.694	NOOP	978
1.885	NOOP	1049
2.483	LEFT	1174
2.643	LEFT	1229
2.083	LEFT	1259
1.837	NOOP	1318
2.020	RIGHT	1334
2.621	LEFT	1731
2.734	NOOP	1922
2.756	FIRE	210
2.432	LEFT	266
2.540	LEFT	271
2.699	NOOP	388
2.667	FIRE	722
1.915	RIGHT	731
2.471	LEFT	813
4.671	NOOP	1139
5.000	FIRE	1221
2.059	NOOP	8
2.007	NOOP	211
2.461	NOOP	427
2.388	LEFT	477
2.468	FIRE	779
2.546	FIRE	782
2.440	NOOP	845
1.986	RIGHT	928
1.925	NOOP	1048
1.859	FIRE	1072
1.953	NOOP	1120
2.094	NOOP	1168
2.674	LEFT	1350
2.245	LEFT	1515
1.875	NOOP	1568
2.407	RIGHT	1682
3.225	FIRE	1717
1.893	NOOP	116
2.355	LEFT	220
1.745	RIGHT	301
2.461	LEFT	396
1.724	RIGHT	420
2.570	LEFT	581
1.992	LEFT	723
2.574	LEFT	810
2.717	FIRE	949
2.788	FIRE	982
1.795	NOOP	1222
1.818	NOOP	1256
1.894	NOOP	1312
1.835	NOOP	1390
1.860	NOOP	1516
1.860	NOOP	1662
1.835	NOOP	1921
2.564	FIRE	1996
1.715	NOOP	2008
2.021	NOOP	2021
2.206	LEFT	2101
1.811	NOOP	2192
2.654	NOOP	2330
3.086	FIRE	2339
1.655	LEFT	2658
1.843	NOOP	92
1.842	RIGHT	224
1.942	NOOP	295
1.619	LEFT	446
2.024	LEFT	492
1.726	RIGHT	539
1.928	NOOP	554
2.502	LEFT	648
1.791	NOOP	766
2.547	LEFT	856
2.856	FIRE	1339
2.428	LEFT	1419
2.901	FIRE	1515
2.990	FIRE	1577
3.303	FIRE	1585
2.213	RIGHT	1762
1.823	RIGHT	1852
2.546	LEFT	28
2.279	FIRE	260
2.398	NOOP	363
1.824	NOOP	387
2.037	LEFT	405
1.988	NOOP	469
2.042	RIGHT	473
2.424	NOOP	730
2.082	NOOP	965
2.422	FIRE	974
2.509	LEFT	1038
2.212	RIGHT	1066
2.324	LEFT	1089
2.296	RIGHT	1112
3.286	FIRE	1214
2.810	NOOP	1317
2.604	NOOP	1486
2.249	LEFT	1547
2.459	LEFT	1556
2.058	RIGHT	1849
2.058	RIGHT	1919
2.058	RIGHT	1921
2.058	RIGHT	1930
2.058	RIGHT	1975
2.058	RIGHT	2010
2.058	RIGHT	2012
2.058	RIGHT	2233
2.058	RIGHT	2261
2.064	NOOP	21
2.494	FIRE	121
2.265	NOOP	182
2.549	FIRE	257
1.942	LEFT	337
1.756	RIGHT	382
1.882	NOOP	469
2.578	NOOP	505
2.363	NOOP	675
2.145	NOOP	843
1.816	NOOP	892
2.293	NOOP	1046
2.612	FIRE	1089
2.473	RIGHT	1168
2.772	FIRE	1252
1.758	NOOP	1318
2.708	FIRE	1424
2.366	NOOP	1472
3.239	RIGHT	1544
2.196	FIRE	25
2.457	FIRE	129
2.482	FIRE	176
2.592	RIGHT	209
2.791	FIRE	217
1.736	NOOP	337
1.853	NOOP	407
1.676	RIGHT	464
2.309	NOOP	499
1.848	NOOP	599
2.663	NOOP	718
2.748	FIRE	788
2.503	FIRE	1178
2.577	LEFT	1338
2.341	NOOP	1672
2.566	LEFT	1698
2.816	FIRE	1761
2.106	NOOP	1847
2.541	LEFT	1902
2.386	RIGHT	1923
2.124	NOOP	1983
2.876	FIRE	2016
2.861	FIRE	2075
2.622	FIRE	2122
2.119	LEFT	2178
2.178	RIGHT	2198
2.218	LEFT	2280
1.796	RIGHT	2365
1.300	FIRE	2427
2.514	FIRE	27
2.226	NOOP	105
2.041	RIGHT	219
1.829	NOOP	240
2.142	NOOP	293
2.317	NOOP	491
2.412	NOOP	497
2.448	LEFT	499
2.655	LEFT	833
3.005	FIRE	914
2.760	RIGHT	953
2.315	NOOP	985
3.307	FIRE	1103
3.496	FIRE	1183
3.346	FIRE	1201
2.741	RIGHT	1232
2.973	RIGHT	1430
2.193	NOOP	1458
2.228	NOOP	1459
1.980	FIRE	1520
1.635	RIGHT	96
2.043	NOOP	392
2.028	LEFT	447
1.932	LEFT	514
2.408	RIGHT	535
2.200	LEFT	605
2.265	LEFT	606
1.679	LEFT	623
2.659	LEFT	682
1.783	NOOP	690
2.289	LEFT	1008
1.820	RIGHT	1029
1.982	RIGHT	1035
2.645	LEFT	1056
2.809	FIRE	1060
2.057	NOOP	1201
1.797	RIGHT	1254
2.411	NOOP	1282
2.663	FIRE	1290
2.131	RIGHT	1334
2.106	FIRE	1347
3.084	FIRE	1391
2.769	FIRE	1563
2.597	NOOP	1691
2.723	FIRE	1698
3.313	FIRE	1796
2.908	RIGHT	1827
2.180	LEFT	1876
2.200	LEFT	1878
2.584	LEFT	246
2.728	FIRE	250
1.996	NOOP	260
2.426	LEFT	276
2.304	NOOP	312
1.971	NOOP	425
1.986	NOOP	451
2.020	NOOP	452
2.011	NOOP	639
2.529	LEFT	689
1.946	NOOP	891
2.279	NOOP	1276
1.852	NOOP	1339
2.209	NOOP	1351
2.494	NOOP	1425
2.359	LEFT	1470
2.323	RIGHT	1528
1.983	LEFT	1698
2.549	NOOP	1793
1.980	RIGHT	1885
2.609	FIRE	105
2.433	NOOP	202
1.946	NOOP	318
1.676	NOOP	434
1.892	NOOP	569
2.036	LEFT	611
2.551	RIGHT	688
2.442	NOOP	906
2.839	RIGHT	1102
1.972	NOOP	1296
2.547	LEFT	1339
2.104	NOOP	1410
2.043	NOOP	120
1.890	NOOP	176
2.224	NOOP	189
1.826	LEFT	359
2.256	NOOP	385
2.661	LEFT	475
2.076	NOOP	507
1.965	NOOP	663
2.050	RIGHT	710
1.992	NOOP	807
2.314	RIGHT	1040
2.807	LEFT	1228
3.146	FIRE	1238
2.504	LEFT	1260
2.446	FIRE	47
2.500	NOOP	246
1.832	RIGHT	290
2.364	NOOP	366
2.279	NOOP	446
2.036	NOOP	587
2.282	NOOP	600
2.727	FIRE	759
1.895	FIRE	923
1.944	RIGHT	926
2.215	LEFT	947
1.900	NOOP	989
1.989	NOOP	1055
1.979	RIGHT	1058
2.364	RIGHT	1345
2.230	NOOP	1393
2.695	NOOP	1413
2.578	NOOP	1419
1.918	RIGHT	1519
2.212	NOOP	1572
2.481	NOOP	1611
2.873	FIRE	1672
3.129	LEFT	1678
2.239	NOOP	22
2.138	LEFT	129
2.326	NOOP	181
1.798	NOOP	363
3.273	FIRE	962
3.039	LEFT	996
3.567	LEFT	1032
2.910	LEFT	1036
3.483	FIRE	1156
3.176	LEFT	1165
3.090	RIGHT	1454
6.376	RIGHT	1574
6.376	RIGHT	1575
6.376	RIGHT	1638
6.376	RIGHT	1640
6.376	RIGHT	1739
6.271	RIGHT	1992
6.810	LEFT	2046
6.647	RIGHT	2085
4.913	FIRE	2268
4.812	LEFT	2415
2.448	LEFT	262
2.500	NOOP	881
1.914	NOOP	893
2.432	LEFT	939
2.328	LEFT	976
2.272	FIRE	1016
2.416	LEFT	1021
2.587	FIRE	1156
2.266	FIRE	1217
2.452	FIRE	1395
3.396	FIRE	1451
2.617	LEFT	234
1.782	NOOP	567
2.365	LEFT	649
1.765	NOOP	838
1.930	RIGHT	847
1.925	NOOP	948
1.962	NOOP	989
2.206	NOOP	996
2.162	NOOP	1062
2.090	LEFT	1243
2.227	NOOP	1312
2.126	LEFT	1410
1.858	RIGHT	1485
1.933	NOOP	1751
2.640	LEFT	1929
1.815	NOOP	1946
1.745	LEFT	2004
2.798	RIGHT	2368
2.134	RIGHT	2472
1.962	RIGHT	122
1.728	NOOP	292
1.896	NOOP	381
2.447	LEFT	413
1.646	NOOP	428
1.618	NOOP	491
2.591	LEFT	682
1.697	NOOP	880
1.837	NOOP	961
2.758	FIRE	1021
2.429	NOOP	1138
2.280	NOOP	1307
2.735	NOOP	1318
2.035	NOOP	1481
2.710	FIRE	1526
2.025	NOOP	1781
2.732	NOOP	1812
2.848	FIRE	1855
3.072	FIRE	1861
2.475	NOOP	1898
4.280	NOOP	2213
2.006	NOOP	18
1.813	RIGHT	70
1.772	NOOP	129
1.700	NOOP	193
2.217	NOOP	292
2.499	LEFT	313
1.853	NOOP	355
1.891	NOOP	523
2.451	LEFT	540
1.659	NOOP	696
1.866	NOOP	824
1.730	RIGHT	876
1.912	NOOP	959
1.972	RIGHT	1022
2.377	LEFT	1069
2.619	FIRE	1360
2.641	LEFT	1362
2.100	RIGHT	1388
2.231	NOOP	1398
2.470	LEFT	1478
2.659	RIGHT	1611
1.689	NOOP	120
2.489	FIRE	272
1.969	RIGHT	723
2.598	LEFT	1050
2.532	LEFT	1355
2.087	NOOP	1400
2.009	NOOP	1438
2.805	FIRE	1585
2.767	NOOP	1712
3.244	FIRE	1734
2.191	FIRE	1842
2.977	FIRE	1921
2.669	RIGHT	1937
1.591	RIGHT	2107
1.591	RIGHT	2110
1.591	RIGHT	2126
1.591	RIGHT	2229
1.591	RIGHT	2275
1.591	RIGHT	2437
1.591	RIGHT	2456
1.591	RIGHT	2576
2.515	RIGHT	2696
2.092	RIGHT	82
2.097	NOOP	214
2.333	LEFT	252
1.958	NOOP	379
1.658	NOOP	423
2.327	NOOP	471
2.534	LEFT	480
2.176	NOOP	576
2.330	LEFT	611
2.665	LEFT	622
2.421	NOOP	688
1.929	NOOP	861
2.209	NOOP	881
2.483	NOOP	1267
2.148	NOOP	1299
1.890	RIGHT	1362
2.910	FIRE	1392
2.667	FIRE	1419
2.298	LEFT	1444
2.186	LEFT	1590
1.763	NOOP	1636
1.886	NOOP	1641
2.196	NOOP	1791
2.372	NOOP	1863
3.214	LEFT	2232
6.000	NOOP	2410
2.528	RIGHT	2461
3.528	FIRE	2487
1.792	NOOP	52
2.056	LEFT	227
1.737	NOOP	253
2.596	FIRE	480
2.291	NOOP	538
2.642	LEFT	568
1.748	NOOP	711
2.668	NOOP	1302
2.826	LEFT	1649
2.297	FIRE	1673
2.553	FIRE	79
1.882	NOOP	96
2.579	FIRE	140
2.558	LEFT	282
1.835	NOOP	480
1.784	NOOP	611
1.797	NOOP	613
1.962	NOOP	676
2.384	LEFT	741
2.508	LEFT	810
3.249	NOOP	1015
2.850	LEFT	1084
3.071	FIRE	1097
2.753	NOOP	1119
3.022	FIRE	1190
3.022	FIRE	1289
2.820	NOOP	1494
2.764	RIGHT	1770
4.535	RIGHT	1999
1.795	NOOP	5
1.832	NOOP	150
2.568	LEFT	331
2.080	LEFT	368
2.387	LEFT	386
1.924	NOOP	483
2.046	RIGHT	646
1.979	NOOP	700
2.411	LEFT	774
2.131	NOOP	810
1.904	LEFT	888
2.063	LEFT	992
2.218	LEFT	1013
2.786	LEFT	1042
2.169	RIGHT	1202
2.637	RIGHT	1221
3.200	FIRE	1640
2.340	LEFT	264
1.840	RIGHT	311
1.724	NOOP	454
1.662	NOOP	520
2.067	NOOP	847
2.063	RIGHT	941
2.067	LEFT	1011
2.094	NOOP	1151
2.668	FIRE	1179
2.315	LEFT	1338
2.697	LEFT	1370
2.575	FIRE	1440
3.324	FIRE	1545
3.452	FIRE	1575
4.650	FIRE	1702
4.505	RIGHT	1703
4.448	RIGHT	1740
1.853	LEFT	10
1.616	NOOP	54
1.910	NOOP	260
2.262	LEFT	449
2.487	LEFT	605
2.450	LEFT	666
1.816	NOOP	713
2.490	LEFT	733
2.697	FIRE	862
2.313	LEFT	950
2.602	NOOP	958
2.538	NOOP	1025
3.117	FIRE	1245
2.611	LEFT	1364
2.661	NOOP	1397
2.437	LEFT	1460
2.482	RIGHT	1533
2.286	NOOP	1580
3.299	RIGHT	1940
3.574	FIRE	2078
1.927	NOOP	15
2.107	NOOP	81
2.301	LEFT	84
2.166	NOOP	395
1.654	NOOP	418
2.427	LEFT	498
1.599	NOOP	516
1.990	NOOP	619
2.584	LEFT	702
1.726	LEFT	708
1.848	NOOP	951
2.054	NOOP	1292
2.452	NOOP	1303
2.063	RIGHT	1396
1.905	NOOP	1455
2.530	FIRE	1476
2.462	FIRE	1955
3.022	FIRE	2037
2.840	NOOP	2086
2.389	FIRE	2110
1.699	NOOP	2
2.347	NOOP	186
2.196	NOOP	214
1.802	NOOP	233
2.525	NOOP	309
2.334	LEFT	362
1.930	NOOP	563
2.497	LEFT	585
2.126	NOOP	800
1.658	RIGHT	868
2.244	LEFT	1025
2.062	NOOP	1137
1.815	NOOP	1237
1.737	RIGHT	1289
1.789	NOOP	1371
3.079	RIGHT	1541
2.427	LEFT	1634
3.376	FIRE	1649
2.657	NOOP	1742
2.657	NOOP	1871
2.657	NOOP	1970
2.657	NOOP	1971
2.661	NOOP	2215
2.661	NOOP	2281
3.316	RIGHT	2527
3.377	LEFT	2571
1.952	NOOP	60
1.733	NOOP	104
2.503	LEFT	272
2.179	LEFT	364
2.068	LEFT	492
1.972	RIGHT	548
2.220	NOOP	650
2.171	NOOP	913
1.804	RIGHT	1077
2.382	LEFT	1160
1.996	NOOP	1242
2.493	NOOP	1332
2.421	LEFT	1356
2.688	FIRE	1406
2.239	NOOP	1419
2.511	NOOP	1421
1.985	NOOP	1492
2.759	LEFT	1524
1.928	FIRE	1539
1.948	RIGHT	1541
1.859	RIGHT	1594
1.830	LEFT	1610
2.248	RIGHT	1834
2.621	RIGHT	1836
2.745	LEFT	1837
2.083	FIRE	1883
3.212	FIRE	1989
2.532	LEFT	93
2.466	NOOP	228
1.844	RIGHT	313
2.076	LEFT	389
2.134	NOOP	510
2.346	NOOP	529
2.527	LEFT	540
1.605	NOOP	544
1.911	LEFT	566
2.072	LEFT	574
2.481	LEFT	586
2.510	LEFT	587
2.636	LEFT	592
2.587	RIGHT	651
1.962	RIGHT	695
2.154	NOOP	702
1.747	NOOP	723
1.924	NOOP	790
2.424	NOOP	938
2.538	LEFT	1040
2.990	FIRE	1183
3.508	FIRE	1277
2.938	FIRE	1286
2.502	FIRE	1333
2.546	RIGHT	1356
3.222	FIRE	1438
2.189	NOOP	21
1.990	NOOP	157
2.653	LEFT	244
1.768	RIGHT	253
1.955	RIGHT	258
1.721	NOOP	404
2.439	LEFT	440
2.549	FIRE	591
2.154	LEFT	671
1.896	RIGHT	723
2.004	LEFT	728
2.458	NOOP	774
2.604	RIGHT	872
2.296	LEFT	1106
3.278	FIRE	1232
3.312	FIRE	1321
2.243	RIGHT	1546
2.243	RIGHT	1689
2.243	RIGHT	1826
2.243	RIGHT	1843
3.332	FIRE	1997
2.505	LEFT	2070
2.606	RIGHT	2103
3.951	FIRE	2164
1.783	NOOP	6
2.357	NOOP	120
2.250	LEFT	314
1.994	LEFT	706
1.638	RIGHT	896
1.717	NOOP	960
1.898	RIGHT	1003
1.839	NOOP	1063
2.717	LEFT	1225
2.495	LEFT	1283
1.903	RIGHT	1294
2.741	FIRE	1324
2.378	LEFT	1385
2.062	LEFT	1471
2.248	RIGHT	1477
2.814	LEFT	1502
2.633	NOOP	1523
3.270	LEFT	1605
3.637	FIRE	1608
3.186	FIRE	1689
3.323	RIGHT	1774
2.556	FIRE	1842
2.024	RIGHT	134
2.638	FIRE	223
2.231	LEFT	286
1.877	NOOP	645
2.664	FIRE	835
1.947	NOOP	942
1.824	NOOP	1048
2.598	LEFT	1071
2.468	LEFT	1136
2.240	RIGHT	1211
1.905	LEFT	1335
2.023	NOOP	1340
2.517	NOOP	1469
2.541	NOOP	1533
2.279	RIGHT	1569
3.751	RIGHT	1724
5.209	FIRE	2032
5.190	LEFT	2189
5.190	LEFT	2362
5.190	LEFT	2506
5.190	LEFT	2556
5.190	LEFT	2594
5.190	LEFT	2647
5.190	LEFT	2709
5.190	LEFT	2719
5.190	LEFT	2788
5.190	LEFT	2895
5.190	LEFT	3110
5.190	LEFT	3173
5.190	LEFT	3329
5.190	LEFT	3333
2.376	FIRE	29
1.848	NOOP	146
2.646	FIRE	172
2.504	LEFT	265
2.483	LEFT	311
1.831	NOOP	413
2.259	FIRE	534
2.356	LEFT	537
2.536	LEFT	547
2.605	LEFT	614
2.632	LEFT	669
2.283	NOOP	693
2.422	NOOP	800
2.994	NOOP	1058
2.564	FIRE	1150
3.039	FIRE	1225
3.054	NOOP	1337
1.708	NOOP	43
1.773	NOOP	105
2.323	NOOP	129
2.520	LEFT	175
2.013	NOOP	193
1.627	NOOP	331
2.237	LEFT	502
2.613	FIRE	596
2.307	FIRE	693
2.042	NOOP	960
2.773	FIRE	1034
2.357	NOOP	1081
2.051	NOOP	1129
2.011	NOOP	1191
2.750	LEFT	1237
2.664	LEFT	1240
1.970	NOOP	1291
1.967	NOOP	1477
3.334	FIRE	1647
3.323	FIRE	1655
8.882	NOOP	1772
6.108	LEFT	1872
6.108	LEFT	1934
5.912	RIGHT	1947
5.535	LEFT	2221
1.848	NOOP	11
2.047	NOOP	121
2.062	LEFT	185
2.109	LEFT	281
2.481	LEFT	342
2.304	LEFT	459
2.519	FIRE	551
1.790	NOOP	605
1.927	NOOP	863
2.313	LEFT	1005
2.661	LEFT	1114
2.452	LEFT	1156
1.699	NOOP	1176
2.465	LEFT	1427
2.883	FIRE	1441
3.027	RIGHT	1461
2.476	NOOP	1594
3.110	FIRE	1627
2.550	NOOP	1669
3.112	NOOP	1676
2.974	NOOP	1772
2.564	FIRE	1828
2.782	NOOP	1898
2.912	FIRE	1933
2.004	NOOP	21
1.888	NOOP	68
2.244	RIGHT	83
1.603	NOOP	351
1.917	NOOP	369
2.442	LEFT	396
1.940	NOOP	429
2.456	LEFT	573
1.739	NOOP	580
2.671	FIRE	639
2.306	LEFT	763
2.587	NOOP	779
2.469	FIRE	892
1.804	NOOP	916
1.852	NOOP	920
1.657	NOOP	987
2.525	LEFT	1163
2.417	LEFT	1230
1.639	NOOP	1352
1.848	RIGHT	1368
1.670	LEFT	1392
1.813	LEFT	1394
1.913	RIGHT	1562
2.739	LEFT	1663
2.334	FIRE	1770
2.251	LEFT	1836
2.368	RIGHT	2014
1.629	RIGHT	2035
2.373	FIRE	25
2.394	LEFT	155
2.079	NOOP	238
2.230	NOOP	274
1.914	NOOP	388
2.123	LEFT	466
1.861	NOOP	740
1.941	NOOP	809
2.006	NOOP	873
2.163	NOOP	917
2.003	NOOP	1073
2.243	LEFT	1090
2.756	NOOP	1120
2.892	FIRE	1343
2.119	LEFT	1526
1.923	NOOP	1733
2.087	LEFT	1812
2.578	LEFT	1826
1.777	RIGHT	47
1.847	NOOP	50
2.503	LEFT	216
1.872	NOOP	231
1.743	NOOP	320
2.627	FIRE	372
1.595	RIGHT	507
1.920	RIGHT	633
2.014	NOOP	734
2.001	NOOP	807
1.719	NOOP	857
1.823	NOOP	899
2.152	LEFT	1099
2.667	NOOP	1227
2.258	NOOP	1415
2.558	FIRE	1436
1.967	RIGHT	1460
2.512	FIRE	1491
2.666	FIRE	1497
2.685	FIRE	1499
2.033	NOOP	1547
3.426	FIRE	1624
3.037	LEFT	1659
2.978	LEFT	1687
3.680	FIRE	1782
2.100	LEFT	18
2.584	LEFT	94
1.771	NOOP	256
1.997	NOOP	264
1.799	NOOP	334
2.399	LEFT	468
1.642	NOOP	486
1.745	NOOP	558
2.078	NOOP	729
2.217	NOOP	845
2.166	NOOP	953
3.350	FIRE	1017
3.310	FIRE	1316
1.035	RIGHT	1622
1.943	LEFT	1660
2.313	FIRE	1706
1.922	LEFT	1732
3.044	RIGHT	1794
2.954	FIRE	1809
2.601	RIGHT	1881
2.589	LEFT	1883
2.541	FIRE	1903
2.117	LEFT	19
2.146	LEFT	21
2.378	LEFT	228
2.698	FIRE	243
1.769	NOOP	307
1.743	NOOP	455
2.572	FIRE	500
1.879	NOOP	624
1.995	LEFT	635
2.144	LEFT	638
2.327	LEFT	715
2.105	NOOP	757
2.556	LEFT	836
2.093	NOOP	884
2.615	LEFT	1119
1.839	NOOP	1133
1.844	NOOP	1137
2.294	NOOP	1190
2.567	NOOP	1197
1.967	NOOP	1242
2.077	RIGHT	1310
2.130	NOOP	1585
2.421	NOOP	1707
2.083	FIRE	18
2.337	LEFT	30
2.551	FIRE	179
1.769	NOOP	215
2.530	NOOP	317
1.921	NOOP	340
2.502	FIRE	370
2.433	NOOP	373
2.091	NOOP	412
1.938	NOOP	473
2.051	NOOP	537
2.674	FIRE	626
2.575	LEFT	998
2.203	NOOP	1038
1.970	RIGHT	1204
2.152	NOOP	1260
2.790	NOOP	1279
3.112	FIRE	1394
2.876	RIGHT	1451
2.800	RIGHT	1489
3.059	FIRE	1609
2.871	RIGHT	1627
2.833	LEFT	1739
2.526	LEFT	1897
3.194	LEFT	1972
2.731	RIGHT	2080
2.772	FIRE	2083
2.673	FIRE	2142
2.214	NOOP	2259
2.263	NOOP	2266
2.867	RIGHT	2333
1.932	NOOP	290
2.190	LEFT	421
1.958	NOOP	544
2.068	NOOP	607
1.988	LEFT	642
2.077	RIGHT	679
2.653	FIRE	764
2.297	NOOP	929
2.777	FIRE	973
2.264	RIGHT	989
2.838	FIRE	1071
2.160	NOOP	1122
1.976	NOOP	1348
1.976	NOOP	1451
2.013	NOOP	1571
2.013	NOOP	1696
2.050	NOOP	1765
2.439	NOOP	1904
1.914	NOOP	2043
3.332	FIRE	2141
2.997	FIRE	2258
2.795	LEFT	2453
2.338	LEFT	39
2.575	FIRE	47
2.269	NOOP	182
2.411	NOOP	220
1.924	RIGHT	273
1.885	NOOP	301
1.614	NOOP	351
1.742	NOOP	429
2.112	LEFT	513
1.776	RIGHT	569
2.619	FIRE	595
1.870	NOOP	801
2.591	LEFT	950
1.795	RIGHT	1037
2.122	NOOP	1268
2.455	NOOP	1382
2.644	FIRE	1387
2.229	RIGHT	1662
2.260	RIGHT	1789
1.727	RIGHT	1917
2.329	LEFT	2054
1.804	NOOP	48
1.883	RIGHT	54
1.792	NOOP	88
2.340	NOOP	124
1.834	NOOP	262
1.693	RIGHT	293
1.809	NOOP	366
2.112	NOOP	659
1.973	RIGHT	748
1.800	NOOP	799
1.733	NOOP	855
1.892	NOOP	869
2.236	NOOP	885
1.834	NOOP	966
2.315	NOOP	1101
2.136	NOOP	1158
2.001	NOOP	1270
2.278	NOOP	1415
3.119	FIRE	1441
2.945	LEFT	1488
1.886	FIRE	1555
1.721	NOOP	71
2.528	LEFT	157
2.074	NOOP	560
2.398	NOOP	792
2.670	FIRE	888
2.597	LEFT	1071
2.677	LEFT	1074
1.829	LEFT	1082
2.755	FIRE	1128
2.546	RIGHT	1321
1.782	NOOP	1345
2.781	FIRE	1676
3.412	FIRE	1914
2.369	RIGHT	1960
3.178	LEFT	1996
1.834	NOOP	212
1.869	NOOP	363
2.418	FIRE	507
2.376	NOOP	566
2.437	LEFT	641
1.967	RIGHT	841
3.125	LEFT	950
2.341	RIGHT	1018
2.973	LEFT	1042
5.979	LEFT	1214
5.917	RIGHT	1240
5.407	RIGHT	1417
2.255	NOOP	104
2.822	FIRE	161
1.701	NOOP	273
1.682	NOOP	423
1.682	NOOP	561
1.682	NOOP	623
1.682	NOOP	745
1.682	NOOP	758
2.537	LEFT	933
1.806	NOOP	983
1.880	NOOP	1077
2.444	LEFT	1202
1.889	NOOP	1219
2.296	LEFT	1443
2.296	LEFT	1515
1.722	NOOP	1546
1.782	NOOP	1547
2.530	LEFT	1673
2.567	LEFT	1674
2.765	LEFT	1679
1.749	NOOP	4
2.562	FIRE	47
1.735	RIGHT	61
2.654	RIGHT	117
2.561	FIRE	162
1.879	RIGHT	278
2.111	LEFT	321
1.908	RIGHT	377
2.430	NOOP	562
2.236	LEFT	657
1.886	NOOP	710
1.739	RIGHT	756
1.725	NOOP	823
1.953	RIGHT	998
2.390	NOOP	1041
2.101	NOOP	1074
2.062	NOOP	1161
2.184	NOOP	1169
2.278	FIRE	1274
2.305	FIRE	1431
2.937	LEFT	1560
2.222	NOOP	1648
2.767	FIRE	1694
3.042	FIRE	1709
3.050	FIRE	1712
2.737	NOOP	1809
2.171	FIRE	1907
2.197	LEFT	2087
1.793	NOOP	4
1.913	NOOP	11
1.921	RIGHT	58
1.858	RIGHT	392
2.053	LEFT	473
2.676	FIRE	568
2.251	LEFT	800
2.096	RIGHT	912
1.698	NOOP	960
1.665	RIGHT	1090
1.888	NOOP	1145
2.350	NOOP	1206
1.769	NOOP	1223
2.583	LEFT	1281
1.877	NOOP	1807
2.304	NOOP	1839
2.126	NOOP	1894
2.922	FIRE	1996
2.945	RIGHT	2205
3.723	FIRE	2234
3.701	RIGHT	2274
6.721	LEFT	2371
4.031	FIRE	2416
1.887	NOOP	42
2.537	FIRE	64
1.839	NOOP	81
2.217	LEFT	106
1.943	NOOP	242
1.726	FIRE	350
1.952	NOOP	423
2.024	NOOP	468
2.482	LEFT	667
2.399	NOOP	726
2.605	NOOP	1052
2.552	FIRE	1104
1.971	NOOP	1133
2.543	NOOP	1484
2.530	NOOP	1532
2.547	NOOP	1534
2.391	NOOP	1595
2.537	FIRE	36
2.396	FIRE	77
2.017	NOOP	115
2.306	LEFT	133
1.889	NOOP	305
2.185	LEFT	316
2.070	NOOP	380
2.415	LEFT	404
2.653	LEFT	586
1.706	LEFT	590
2.485	LEFT	666
2.003	NOOP	1173
3.091	RIGHT	1398
2.304	NOOP	1547
1.678	FIRE	1987
3.070	FIRE	2009
1.695	RIGHT	121
1.713	RIGHT	128
1.811	NOOP	300
1.811	NOOP	332
1.811	NOOP	425
1.796	NOOP	493
1.796	NOOP	730
1.796	NOOP	819
2.387	FIRE	1063
2.568	LEFT	1185
2.755	FIRE	1249
2.100	LEFT	1466
2.637	LEFT	1878
2.703	LEFT	1882
2.235	NOOP	1903
1.992	NOOP	2076
2.684	FIRE	2127
2.378	NOOP	2162
2.001	NOOP	2204
2.959	FIRE	2241
2.126	NOOP	2333
2.207	NOOP	2338
2.675	RIGHT	2434
2.730	LEFT	2435
2.268	LEFT	2474
2.961	FIRE	2510
3.011	LEFT	2551
3.040	LEFT	2570
2.135	LEFT	2709
2.379	RIGHT	2719
2.467	RIGHT	2756
1.994	NOOP	225
2.549	LEFT	274
2.194	NOOP	333
1.859	RIGHT	477
2.141	NOOP	530
2.150	LEFT	736
2.907	FIRE	1131
2.641	LEFT	1159
2.779	RIGHT	1227
2.509	LEFT	1292
2.692	NOOP	1363
2.766	FIRE	1561
1.985	RIGHT	1834
2.551	RIGHT	1853
2.551	RIGHT	1855
2.551	RIGHT	2051
2.551	RIGHT	2097
2.551	RIGHT	2116
2.551	RIGHT	2300
2.551	RIGHT	2347
2.551	RIGHT	2384
2.551	RIGHT	2449
2.551	RIGHT	2481
1.900	NOOP	58
1.724	FIRE	70
2.320	NOOP	223
1.843	NOOP	380
1.524	RIGHT	426
1.917	LEFT	513
1.944	LEFT	514
1.982	NOOP	573
1.818	RIGHT	733
1.583	FIRE	747
2.016	NOOP	837
2.081	NOOP	1122
2.431	LEFT	1268
1.798	NOOP	1289
2.928	NOOP	1393
2.175	FIRE	1530
3.054	FIRE	1597
2.719	NOOP	1625
2.322	LEFT	1691
2.322	NOOP	1799
2.668	FIRE	1823
2.845	FIRE	1829
2.319	NOOP	1924
2.181	FIRE	2146
1.891	NOOP	12
2.293	NOOP	220
2.282	LEFT	328
2.569	FIRE	342
2.481	LEFT	465
1.661	NOOP	612
1.834	NOOP	649
2.227	NOOP	692
1.874	NOOP	829
2.502	FIRE	870
2.158	RIGHT	914
2.269	NOOP	1126
2.429	NOOP	1134
